{"is_source_file": true, "format": "HTML", "description": "This HTML file defines the user interface for a database visualizer web application, including styles, layout, and embedded JavaScript for fetching and displaying database information, tables, and data.", "external_files": [], "external_methods": [], "published": [], "classes": [], "methods": [], "calls": ["fetch", "refreshDatabases", "loadDatabases", "toggleDatabase", "loadTables", "loadTableData", "renderTable", "renderCell", "expandCell"], "search-terms": ["database viewer", "HTML layout", "JavaScript fetch API", "dynamic table rendering", "database and table selection", "embedded CSS styles", "interactive data display"], "state": 2, "file_id": 8, "knowledge_revision": 13, "git_revision": "80d47ab34873e5520f425ae817ccb7f81a061c0a", "hash": "ee63333a4841bf025439c755a74c9881", "format-version": 4, "code-base-name": "database", "filename": "database/db_visualizer/public/index.html", "revision_history": [{"13": "80d47ab34873e5520f425ae817ccb7f81a061c0a"}]}