{"is_source_file": true, "format": "bash", "description": "A comprehensive shell script for restoring various types of databases (SQLite, PostgreSQL, MySQL, MongoDB) based on the presence of specific backup files. The script detects the backup type and performs the appropriate restore procedure, including checks for database availability and authentication.", "external_files": ["database_backup.db", "database_backup.sql", "database_backup.archive"], "external_methods": ["ls", "cp", "sudo -u postgres pg_isready", "psql", "mysqladmin", "mysql", "mongosh", "mongorestore"], "published": [], "classes": [], "methods": [], "calls": ["ls /usr/lib/postgresql/", "sudo -u postgres ${PG_BIN}/pg_isready", "${PG_BIN}/psql", "mysqladmin ping", "mysql -h localhost -P ${DB_PORT} -u ${DB_USER} -p${DB_PASSWORD}", "mysqladmin ping", "sudo mysql --socket=/var/run/mysqld/mysqld.sock", "mongosh --port ${DB_PORT} --eval \"db.adminCommand('ping')\"", "mongorestore --port ${DB_PORT} --archive=database_backup.archive --drop --quiet"], "search-terms": ["restore_db.sh", "database restore script", "detect backup type", "SQLite restore", "PostgreSQL restore", "MySQL restore", "MongoDB restore", "database_backup.sql", "database_backup.db", "database_backup.archive"], "state": 2, "file_id": 3, "knowledge_revision": 14, "git_revision": "80d47ab34873e5520f425ae817ccb7f81a061c0a", "hash": "d42c3e6cbc3bbd627e3c08afcf4183ec", "format-version": 4, "code-base-name": "database", "filename": "database/restore_db.sh", "revision_history": [{"14": "80d47ab34873e5520f425ae817ccb7f81a061c0a"}]}