{"is_source_file": true, "format": "bash", "description": "This file is a Bash shell script that automates the process of detecting a running database (SQLite, PostgreSQL, MySQL, MongoDB) and creating backups accordingly.", "external_files": ["/usr/lib/postgresql/", "/usr/lib/postgresql/*/bin", "/var/run/mysqld/mysqld.sock"], "external_methods": ["cp", "ls", "sudo -u postgres pg_isready", "pg_dump", "mysqladmin", "mysql", "mysqldump", "mongosh", "mongodump"], "published": [], "classes": [], "methods": [], "calls": ["cp", "ls", "sudo -u postgres pg_isready", "pg_dump", "mysqladmin ping", "mysql -h", "mysql -P", "mysql -u", "mysql -p", "mysql --socket", "mysqldump", "mongosh --port", "mongodump"], "search-terms": ["backup_db", "database backup bash script", "SQLite", "PostgreSQL", "MySQL", "MongoDB", "database detection", "database backup automation"], "state": 2, "file_id": 4, "knowledge_revision": 16, "git_revision": "80d47ab34873e5520f425ae817ccb7f81a061c0a", "hash": "d7da372b768c895a33088027314656c3", "format-version": 4, "code-base-name": "database", "filename": "database/backup_db.sh", "revision_history": [{"16": "80d47ab34873e5520f425ae817ccb7f81a061c0a"}]}